#,Model,target_system,chips,Frames,Total Runs,Finished Runs,Min FPS,Max FPS,Avg FPS,Delta FPS,Min Latency,Max Latency,Avg Latency,Delta Latency,Commit,Start Time (UTC)
1,onnx_real_efficientnet_lite4_performance_cascade_plus,Cascade+,2,5,1,1,256.70598151131406,256.70598151131406,256.7,0.0,16.707039615846337,16.707039615846337,16.7,0.0,'5558f3e9a',2024-05-08 17:00:55
2,k_real_yolov3_performance_cascade_plus,Cascade+,6,5,1,1,46.61956523533688,46.61956523533688,46.6,0.0,54.86842617046818,54.86842617046818,54.9,0.0,'5558f3e9a',2024-05-08 17:00:55
3,tfl_real_yolov8l-cls_performance_cascade_plus,Cascade+,4,5,1,1,207.9769782218393,207.9769782218393,208.0,0.0,11.849072028811525,11.849072028811525,11.8,0.0,'5558f3e9a',2024-05-08 17:00:55
4,k_real_mobilenetv3_small_minimalistic_performance_cascade_plus,Cascade+,1,5,1,1,3517.944473068509,3517.944473068509,3517.9,-0.1,0.7176602641056422,0.7176602641056422,0.7,0.0,'5558f3e9a',2024-05-08 17:00:55
5,onnx_real_facial_cartoonizer_performance_cascade_plus,Cascade+,1,5,1,1,49.6147249832863,49.6147249832863,49.6,0.0,20.522729891956782,20.522729891956782,20.5,0.0,'5558f3e9a',2024-05-08 17:00:55
6,k_real_deep_q_atari_breakout_performance_cascade_plus,Cascade+,1,5,1,1,19034.126612359614,19034.126612359614,19034.1,0.0,0.09291356542617046,0.09291356542617046,0.1,0.0,'5558f3e9a',2024-05-08 17:00:55
7,onnx_real_yolop320_performance_cascade_plus,Cascade+,2,5,1,1,179.56655479145758,179.56655479145758,179.6,-0.1,11.478831932773108,11.478831932773108,11.5,0.0,'5558f3e9a',2024-05-08 17:00:55
8,tfl_real_mp_palm_detection_lite_performance_cascade_plus,Cascade+,2,5,1,1,633.9190044808105,633.9190044808105,633.9,7.7,2.464666266506603,2.464666266506603,2.5,0.0,'5558f3e9a',2024-05-08 17:00:55
9,k_real_deeplab_v3_plus_mobilenetv2_performance_cascade_plus,Cascade+,1,5,1,1,145.59312506816485,145.59312506816485,145.6,-4.6,14.117319327731092,14.117319327731092,14.1,38.2,'5558f3e9a',2024-05-08 17:00:55
10,tfl_real_mp_object_detection_3d_chair_1stage_performance_cascade_plus,Cascade+,1,5,1,1,64.97919417686572,64.97919417686572,65.0,0.0,18.586141656662665,18.586141656662665,18.6,0.0,'5558f3e9a',2024-05-08 17:00:55
11,k_real_jumpnet_101_performance_cascade_plus,Cascade+,3,5,1,1,75.7732946710634,75.7732946710634,75.8,0.0,35.62109603841537,35.62109603841537,35.6,0.0,'5558f3e9a',2024-05-08 17:00:55
12,tf_real_resnetv2_50_performance_cascade_plus,Cascade+,3,5,1,1,317.5400670379306,317.5400670379306,317.5,0.0,9.368719087635055,9.368719087635055,9.4,0.0,'5558f3e9a',2024-05-08 17:00:55
13,pt_real_mnasnet1_0_performance_cascade_plus,Cascade+,1,5,1,1,1075.303518295005,1075.303518295005,1075.3,0.0,3.3017875150060023,3.3017875150060023,3.3,0.0,'5558f3e9a',2024-05-08 17:00:55
14,k_real_squeezenet_complex_performance_cascade_plus,Cascade+,1,5,1,1,541.6973661022306,541.6973661022306,541.7,0.0,2.963909963985594,2.963909963985594,3.0,0.0,'5558f3e9a',2024-05-08 17:00:55
15,tfl_real_mp_pose_landmark_lite_performance_cascade_plus,Cascade+,1,5,1,1,137.8230216729597,137.8230216729597,137.8,-24.7,7.760524609843938,7.760524609843938,7.8,14.7,'5558f3e9a',2024-05-08 17:00:55
16,tfl_real_mobiledet_performance_cascade_plus,Cascade+,1,5,1,1,288.78158093528486,288.78158093528486,288.8,0.0,10.215214885954381,10.215214885954381,10.2,0.0,'5558f3e9a',2024-05-08 17:00:55
17,onnx_real_yolox_d_performance_cascade_plus,Cascade+,0,5,1,1,-1.0,-1.0,-1.0,-1.0,-1.0,-1.0,-1.0,-1.0,'5558f3e9a',2024-05-08 17:00:55
18,k_real_squeezenet_bypass_performance_cascade_plus,Cascade+,1,5,1,1,769.8023095917553,769.8023095917553,769.8,-0.1,1.9856374549819928,1.9856374549819928,2.0,0.0,'5558f3e9a',2024-05-08 17:00:55
19,tf_real_ssd_resnet34_300_performance_cascade_plus,Cascade+,3,5,1,1,61.78579184908186,61.78579184908186,61.8,0.0,21.731229291716687,21.731229291716687,21.7,0.0,'5558f3e9a',2024-05-08 17:00:55
20,k_real_unet_mobilenet_performance_cascade_plus,Cascade+,1,5,1,1,139.62123925666523,139.62123925666523,139.6,0.0,7.412667466986795,7.412667466986795,7.4,0.0,'5558f3e9a',2024-05-08 17:00:55
21,k_real_centernet_resnet_512_performance_cascade_plus,Cascade+,3,5,1,1,32.69999244720463,32.69999244720463,32.7,0.6,34.14073829531813,34.14073829531813,34.1,-0.9,'5558f3e9a',2024-05-08 17:00:55
22,onnx_real_bodypix_resnet50_640_performance_cascade_plus,Cascade+,3,5,1,1,66.99932003331145,66.99932003331145,67.0,0.0,27.342828331332534,27.342828331332534,27.3,-0.4,'5558f3e9a',2024-05-08 17:00:55
23,onnx_real_yolov7_tiny_320_performance_cascade_plus,Cascade+,2,5,1,1,796.7201527636769,796.7201527636769,796.7,0.0,3.3996650660264107,3.3996650660264107,3.4,0.0,'5558f3e9a',2024-05-08 17:00:55
24,onnx_real_yolox_tiny_performance_cascade_plus,Cascade+,2,5,1,1,258.1919373445967,258.1919373445967,258.2,0.0,6.775076830732292,6.775076830732292,6.8,0.0,'5558f3e9a',2024-05-08 17:00:55
25,onnx_real_gernet_s_performance_cascade_plus,Cascade+,1,5,1,1,505.2827217572435,505.2827217572435,505.3,0.0,4.430948379351741,4.430948379351741,4.4,0.0,'5558f3e9a',2024-05-08 17:00:55
26,k_real_jumpnet_performance_cascade_plus,Cascade+,2,5,1,1,105.13805112044284,105.13805112044284,105.1,0.0,17.973337334933973,17.973337334933973,18.0,0.0,'5558f3e9a',2024-05-08 17:00:55
27,tf_real_movenet_multipose_lite_performance_cascade_plus,Cascade+,1,5,1,1,309.32201108323414,309.32201108323414,309.3,4.5,3.792494597839136,3.792494597839136,3.8,-5.0,'5558f3e9a',2024-05-08 17:00:55
28,k_real_unetplusplus_performance_cascade_plus,Cascade+,1,5,1,1,45.76778983826498,45.76778983826498,45.8,-37.4,22.188484993997598,22.188484993997598,22.2,58.6,'5558f3e9a',2024-05-08 17:00:55
29,tf_real_rfcn_resnet_101_performance_cascade_plus,Cascade+,6,5,1,1,274.0608931720179,274.0608931720179,274.1,-0.1,15.531466986794717,15.531466986794717,15.5,-0.6,'5558f3e9a',2024-05-08 17:00:55
30,tfl_real_unet_mobilenet_v2_256_performance_cascade_plus,Cascade+,2,5,1,1,68.91562423511827,68.91562423511827,68.9,0.0,17.617732292917168,17.617732292917168,17.6,0.0,'5558f3e9a',2024-05-08 17:00:55
31,k_real_colornet_performance_cascade_plus,Cascade+,3,5,1,1,165.56989037007355,165.56989037007355,165.6,0.1,13.455223289315727,13.455223289315727,13.5,0.0,'5558f3e9a',2024-05-08 17:00:55
32,onnx_real_gernet_m_performance_cascade_plus,Cascade+,2,5,1,1,184.68555455218853,184.68555455218853,184.7,0.0,12.778815126050421,12.778815126050421,12.8,0.0,'5558f3e9a',2024-05-08 17:00:55
33,tf_real_yolov5s_leaky_416_performance_cascade_plus,Cascade+,1,5,1,1,79.52815458974834,79.52815458974834,79.5,-0.3,16.217698679471788,16.217698679471788,16.2,0.0,'5558f3e9a',2024-05-08 17:00:55
34,onnx_real_yolox_tiny_ti_lite_performance_cascade_plus,Cascade+,1,5,1,1,79.33782158724027,79.33782158724027,79.3,0.0,17.096002400960387,17.096002400960387,17.1,0.0,'5558f3e9a',2024-05-08 17:00:55
35,tfl_real_unet_mobilenet_v2_128_performance_cascade_plus,Cascade+,1,5,1,1,173.29879562538085,173.29879562538085,173.3,0.0,7.136430972388956,7.136430972388956,7.1,0.0,'5558f3e9a',2024-05-08 17:00:55
36,tfl_real_mp_face_detection_short_range_performance_cascade_plus,Cascade+,1,5,1,1,5613.094074917623,5613.094074917623,5613.1,0.0,0.42315966386554626,0.42315966386554626,0.4,0.0,'5558f3e9a',2024-05-08 17:00:55
37,k_real_dce_performance_cascade_plus,Cascade+,1,5,1,1,159.88205963025018,159.88205963025018,159.9,0.1,6.355609843937575,6.355609843937575,6.4,0.0,'5558f3e9a',2024-05-08 17:00:55
38,tf_real_yolov5m_leaky_performance_cascade_plus,Cascade+,3,5,1,1,48.952959085904276,48.952959085904276,49.0,-2.6,26.27105762304922,26.27105762304922,26.3,0.0,'5558f3e9a',2024-05-08 17:00:55
39,tf_real_centernet_mobilenetv2_performance_cascade_plus,Cascade+,1,5,1,1,175.86513825153318,175.86513825153318,175.9,0.0,6.1291824729891955,6.1291824729891955,6.1,0.0,'5558f3e9a',2024-05-08 17:00:55
40,onnx_real_efficientnet_lite1_performance_cascade_plus,Cascade+,1,5,1,1,553.6899814683353,553.6899814683353,553.7,0.0,6.82978631452581,6.82978631452581,6.8,0.0,'5558f3e9a',2024-05-08 17:00:55
41,tfl_real_mp_object_detection_3d_cup_performance_cascade_plus,Cascade+,1,5,1,1,1007.4208092261847,1007.4208092261847,1007.4,0.0,3.97509243697479,3.97509243697479,4.0,0.0,'5558f3e9a',2024-05-08 17:00:55
42,k_real_mobilenetv1_0p75_performance_cascade_plus,Cascade+,1,5,1,1,3086.585580494854,3086.585580494854,3086.6,0.0,0.9861968787515005,0.9861968787515005,1.0,0.0,'5558f3e9a',2024-05-08 17:00:55
43,onnx_real_yolox_s_ti_lite_performance_cascade_plus,Cascade+,1,5,1,1,24.3243914865097,24.3243914865097,24.3,0.0,50.00958103241297,50.00958103241297,50.0,0.2,'5558f3e9a',2024-05-08 17:00:55
44,k_real_expression_vgg13_performance_cascade_plus,Cascade+,1,5,1,1,637.3391206479895,637.3391206479895,637.3,0.0,2.6184957983193278,2.6184957983193278,2.6,0.0,'5558f3e9a',2024-05-08 17:00:55
45,onnx_real_posenet_mobilenet_performance_cascade_plus,Cascade+,1,5,1,1,961.5323570644059,961.5323570644059,961.5,0.0,1.756284513805522,1.756284513805522,1.8,0.0,'5558f3e9a',2024-05-08 17:00:55
46,k_real_resnet101_v2_performance_cascade_plus,Cascade+,5,5,1,1,658.7534534141499,658.7534534141499,658.8,0.0,12.305660264105644,12.305660264105644,12.3,0.0,'5558f3e9a',2024-05-08 17:00:55
47,tfl_real_yolov8m-cls_performance_cascade_plus,Cascade+,2,5,1,1,415.37019307483644,415.37019307483644,415.4,0.0,6.404870348139255,6.404870348139255,6.4,0.0,'5558f3e9a',2024-05-08 17:00:55
48,onnx_real_repvgg_b1_performance_cascade_plus,Cascade+,6,5,1,1,341.71239753499424,341.71239753499424,341.7,-0.1,10.374703481392556,10.374703481392556,10.4,0.0,'5558f3e9a',2024-05-08 17:00:55
49,tf_real_squeezedet_plus_kitti_performance_cascade_plus,Cascade+,1,5,1,1,15.78142084205077,15.78142084205077,15.8,0.0,80.73643337334933,80.73643337334933,80.7,0.0,'5558f3e9a',2024-05-08 17:00:55
50,k_real_unet_lane_performance_cascade_plus,Cascade+,1,5,1,1,95.2108105074559,95.2108105074559,95.2,0.0,12.474667466986794,12.474667466986794,12.5,0.0,'5558f3e9a',2024-05-08 17:00:55
51,k_real_nvidia_super_res_performance_cascade_plus,Cascade+,1,5,1,1,63.426979499494124,63.426979499494124,63.4,0.0,15.854631452581033,15.854631452581033,15.9,0.0,'5558f3e9a',2024-05-08 17:00:55
52,onnx_real_repvgg_b0_performance_cascade_plus,Cascade+,2,5,1,1,419.7229475837588,419.7229475837588,419.7,0.0,6.863753901560624,6.863753901560624,6.9,0.0,'5558f3e9a',2024-05-08 17:00:55
53,k_real_mobilenetv3_small_performance_cascade_plus,Cascade+,2,5,1,1,2812.7115653769724,2812.7115653769724,2812.7,0.0,2.161157262905162,2.161157262905162,2.2,0.0,'5558f3e9a',2024-05-08 17:00:55
54,k_real_deblur_gan_performance_cascade_plus,Cascade+,2,5,1,1,23.652977820463562,23.652977820463562,23.7,0.0,42.7449099639856,42.7449099639856,42.7,0.0,'5558f3e9a',2024-05-08 17:00:55
55,k_real_mobilenetv1_performance_cascade_plus,Cascade+,1,5,1,1,1433.7596172051153,1433.7596172051153,1433.8,0.0,1.8400960384153662,1.8400960384153662,1.8,0.0,'5558f3e9a',2024-05-08 17:00:55
56,onnx_real_yolop640_performance_cascade_plus,Cascade+,2,5,1,1,40.12086543163115,40.12086543163115,40.1,-7.6,33.309061224489795,33.309061224489795,33.3,5.4,'5558f3e9a',2024-05-08 17:00:55
57,tf_real_yolov5n_leaky_320_performance_cascade_plus,Cascade+,1,5,1,1,411.48400991908636,411.48400991908636,411.5,0.0,3.525358943577431,3.525358943577431,3.5,0.0,'5558f3e9a',2024-05-08 17:00:55
58,k_real_mobilenetv2_performance_cascade_plus,Cascade+,1,5,1,1,1077.2782235901946,1077.2782235901946,1077.3,-0.0,2.514960384153661,2.514960384153661,2.5,0.0,'5558f3e9a',2024-05-08 17:00:55
59,k_real_yolov3_tiny_performance_cascade_plus,Cascade+,1,5,1,1,326.5510931915273,326.5510931915273,326.6,0.0,5.051343337334934,5.051343337334934,5.1,0.0,'5558f3e9a',2024-05-08 17:00:55
60,tf_real_yolov4_leaky_performance_cascade_plus,Cascade+,7,5,1,1,122.19510524255142,122.19510524255142,122.2,23.7,37.53867226890757,37.53867226890757,37.5,0.3,'5558f3e9a',2024-05-08 17:00:55
61,pt_real_wide_resnet50_v2_performance_cascade_plus,Cascade+,7,5,1,1,217.67787359291702,217.67787359291702,217.7,0.0,16.844773109243697,16.844773109243697,16.8,0.0,'5558f3e9a',2024-05-08 17:00:55
62,tf_real_ssd_resnet50v1_fpn_performance_cascade_plus,Cascade+,6,5,1,1,27.784479759715282,27.784479759715282,27.8,0.0,58.323304921968784,58.323304921968784,58.3,0.0,'5558f3e9a',2024-05-08 17:00:55
63,onnx_real_efficientnet_lite3_performance_cascade_plus,Cascade+,1,5,1,1,137.3535774588434,137.3535774588434,137.4,0.0,21.683590636254504,21.683590636254504,21.7,0.0,'5558f3e9a',2024-05-08 17:00:55
64,k_real_chess_alphazero_community_performance_cascade_plus,Cascade+,1,5,1,1,2203.6162586140763,2203.6162586140763,2203.6,0.0,1.8726770708283313,1.8726770708283313,1.9,0.0,'5558f3e9a',2024-05-08 17:00:55
65,k_real_squeezenet_performance_cascade_plus,Cascade+,1,5,1,1,2315.2877085461355,2315.2877085461355,2315.3,-0.1,0.9029627851140456,0.9029627851140456,0.9,0.0,'5558f3e9a',2024-05-08 17:00:55
66,tf_real_yolov5n_leaky_performance_cascade_plus,Cascade+,1,5,1,1,130.57090442922998,130.57090442922998,130.6,0.2,9.82313805522209,9.82313805522209,9.8,0.0,'5558f3e9a',2024-05-08 17:00:55
67,tfl_real_mp_face_landmark_performance_cascade_plus,Cascade+,1,5,1,1,2869.7567941405973,2869.7567941405973,2869.8,0.0,0.7293853541416567,0.7293853541416567,0.7,0.0,'5558f3e9a',2024-05-08 17:00:55
68,tf_real_yolov5s_leaky_performance_cascade_plus,Cascade+,1,5,1,1,31.872586180096373,31.872586180096373,31.9,0.0,35.91701680672269,35.91701680672269,35.9,0.0,'5558f3e9a',2024-05-08 17:00:55
69,tfl_real_mp_hand_landmark_lite_performance_cascade_plus,Cascade+,1,5,1,1,1655.2294221500695,1655.2294221500695,1655.2,0.0,1.9173901560624251,1.9173901560624251,1.9,0.0,'5558f3e9a',2024-05-08 17:00:55
70,onnx_real_yolov7_tiny_640_performance_cascade_plus,Cascade+,2,5,1,1,167.5197504378037,167.5197504378037,167.5,-24.9,8.561116446578632,8.561116446578632,8.6,3.6,'5558f3e9a',2024-05-08 17:00:55
71,k_real_resnet101_v1_performance_cascade_plus,Cascade+,5,5,1,1,601.5756515685381,601.5756515685381,601.6,-0.5,10.66228331332533,10.66228331332533,10.7,0.0,'5558f3e9a',2024-05-08 17:00:55
72,onnx_real_resnet34ssd_1200_performance_cascade_plus,Cascade+,3,5,1,1,7.580535499948056,7.580535499948056,7.6,0.0,161.93620768307323,161.93620768307323,161.9,0.0,'5558f3e9a',2024-05-08 17:00:55
73,k_real_xception_performance_cascade_plus,Cascade+,3,5,1,1,300.20603576308014,300.20603576308014,300.2,-0.2,13.954968787515007,13.954968787515007,14.0,0.0,'5558f3e9a',2024-05-08 17:00:55
74,tf_real_mobilenet_yolo_v4_syg_performance_cascade_plus,Cascade+,2,5,1,1,171.682311466338,171.682311466338,171.7,0.0,15.440950780312123,15.440950780312123,15.4,0.0,'5558f3e9a',2024-05-08 17:00:55
75,onnx_real_efficientnet_lite2_performance_cascade_plus,Cascade+,1,5,1,1,359.72947307189537,359.72947307189537,359.7,-0.0,10.867512605042018,10.867512605042018,10.9,0.0,'5558f3e9a',2024-05-08 17:00:55
76,tfl_real_mp_selfie_segmentation_performance_cascade_plus,Cascade+,1,5,1,1,190.0958466453674,190.0958466453674,190.1,-13.0,5.349222088835535,5.349222088835535,5.3,12.8,'5558f3e9a',2024-05-08 17:00:55
77,onnx_real_yolox_s_performance_cascade_plus,Cascade+,2,5,1,1,101.67875531044153,101.67875531044153,101.7,0.0,14.958384153661465,14.958384153661465,15.0,0.0,'5558f3e9a',2024-05-08 17:00:55
78,tfl_real_yolov8x-cls_performance_cascade_plus,Cascade+,6,5,1,1,172.93098610832726,172.93098610832726,172.9,-0.1,14.72004081632653,14.72004081632653,14.7,0.0,'5558f3e9a',2024-05-08 17:00:55
79,pt_real_squeezenet3d_performance_cascade_plus,Cascade+,1,5,1,1,601.0569366155515,601.0569366155515,601.1,0.0,3.721091236494598,3.721091236494598,3.7,0.0,'5558f3e9a',2024-05-08 17:00:55
80,tf_real_yolov5l_leaky_416_performance_cascade_plus,Cascade+,5,5,1,1,127.46343555273494,127.46343555273494,127.5,-0.5,27.740123649459782,27.740123649459782,27.7,0.0,'5558f3e9a',2024-05-08 17:00:55
81,tfl_real_mp_pose_detection_performance_cascade_plus,Cascade+,1,5,1,1,178.7781148974537,178.7781148974537,178.8,-3.8,7.141905162064826,7.141905162064826,7.1,-1.4,'5558f3e9a',2024-05-08 17:00:55
82,onnx_real_ultraface_640_performance_cascade_plus,Cascade+,1,5,1,1,532.350689371775,532.350689371775,532.4,0.0,2.870014405762305,2.870014405762305,2.9,0.0,'5558f3e9a',2024-05-08 17:00:55
83,k_real_inceptionv3_performance_cascade_plus,Cascade+,3,5,1,1,288.07665259771306,288.07665259771306,288.1,0.1,13.022048019207684,13.022048019207684,13.0,0.0,'5558f3e9a',2024-05-08 17:00:55
84,tfl_real_mp_pose_landmark_heavy_performance_cascade_plus,Cascade+,3,5,1,1,66.88570866391943,66.88570866391943,66.9,-7.9,18.425870348139252,18.425870348139252,18.4,7.0,'5558f3e9a',2024-05-08 17:00:55
85,tfl_real_yolov8m_performance_cascade_plus,Cascade+,4,5,1,1,55.59423867494302,55.59423867494302,55.6,0.0,29.769048019207684,29.769048019207684,29.8,0.0,'5558f3e9a',2024-05-08 17:00:55
86,pt_real_resnet18_performance_cascade_plus,Cascade+,2,5,1,1,502.5575837176169,502.5575837176169,502.6,0.0,3.3479747899159666,3.3479747899159666,3.3,0.0,'5558f3e9a',2024-05-08 17:00:55
87,tfl_real_yolov8s-cls_performance_cascade_plus,Cascade+,1,5,1,1,1169.4248058445971,1169.4248058445971,1169.4,0.0,2.2776602641056423,2.2776602641056423,2.3,0.0,'5558f3e9a',2024-05-08 17:00:55
88,onnx_real_yolox_l_performance_cascade_plus,Cascade+,6,5,1,1,31.630353938154684,31.630353938154684,31.6,0.0,73.00644897959184,73.00644897959184,73.0,-2.4,'5558f3e9a',2024-05-08 17:00:55
89,tf_real_mlperf_v2_resnet_performance_cascade_plus,Cascade+,3,5,1,1,503.9104479146849,503.9104479146849,503.9,0.3,6.237472989195679,6.237472989195679,6.2,-1.6,'5558f3e9a',2024-05-08 17:00:55
90,onnx_real_gpunet0_performance_cascade_plus,Cascade+,2,5,1,1,404.79199862769195,404.79199862769195,404.8,0.0,5.919536614645858,5.919536614645858,5.9,0.0,'5558f3e9a',2024-05-08 17:00:55
91,pt_real_mobilenet3dv2_performance_cascade_plus,Cascade+,1,5,1,1,274.30207738545664,274.30207738545664,274.3,0.1,8.17372268907563,8.17372268907563,8.2,0.0,'5558f3e9a',2024-05-08 17:00:55
92,tf_real_ssdlite_mobilenet_v2_performance_cascade_plus,Cascade+,1,5,1,1,413.429869786962,413.429869786962,413.4,-0.0,6.175206482593038,6.175206482593038,6.2,0.0,'5558f3e9a',2024-05-08 17:00:55
93,k_real_resnet50_performance_cascade_plus,Cascade+,3,5,1,1,516.7711789331064,516.7711789331064,516.8,0.0,6.108429771908764,6.108429771908764,6.1,0.0,'5558f3e9a',2024-05-08 17:00:55
94,k_real_mobilenetv3_large_performance_cascade_plus,Cascade+,2,5,1,1,1463.7146371463714,1463.7146371463714,1463.7,0.1,4.369644657863145,4.369644657863145,4.4,0.0,'5558f3e9a',2024-05-08 17:00:55
95,tfl_real_yolov8s_performance_cascade_plus,Cascade+,2,5,1,1,85.80362095400648,85.80362095400648,85.8,10.7,15.99523169267707,15.99523169267707,16.0,-14.9,'5558f3e9a',2024-05-08 17:00:55
96,tfl_real_yolov8l_performance_cascade_plus,Cascade+,5,5,1,1,17.335092647537923,17.335092647537923,17.3,0.0,125.58865066026412,125.58865066026412,125.6,0.0,'5558f3e9a',2024-05-08 17:00:55
97,onnx_real_movenet_single_pose_thunder_performance_cascade_plus,Cascade+,1,5,1,1,127.71546772302025,127.71546772302025,127.7,-5.8,8.83832412965186,8.83832412965186,8.8,10.0,'5558f3e9a',2024-05-08 17:00:55
98,onnx_real_yolox_nano_performance_cascade_plus,Cascade+,2,5,1,1,642.6854220738139,642.6854220738139,642.7,0.1,3.2269615846338535,3.2269615846338535,3.2,0.0,'5558f3e9a',2024-05-08 17:00:55
99,onnx_real_yolox_m_performance_cascade_plus,Cascade+,3,5,1,1,47.08557795314188,47.08557795314188,47.1,-0.4,41.040650660264106,41.040650660264106,41.0,0.5,'5558f3e9a',2024-05-08 17:00:55
100,tfl_real_mp_pose_landmark_full_performance_cascade_plus,Cascade+,2,5,1,1,262.486544807367,262.486544807367,262.5,-4.4,5.561523409363746,5.561523409363746,5.6,12.0,'5558f3e9a',2024-05-08 17:00:55
101,tfl_real_mp_object_detection_3d_camera_performance_cascade_plus,Cascade+,1,5,1,1,1007.4208092261847,1007.4208092261847,1007.4,0.0,3.97509243697479,3.97509243697479,4.0,0.0,'5558f3e9a',2024-05-08 17:00:55
102,k_real_inceptionv2_performance_cascade_plus,Cascade+,2,5,1,1,895.0819918744178,895.0819918744178,895.1,0.0,3.3720408163265305,3.3720408163265305,3.4,0.0,'5558f3e9a',2024-05-08 17:00:55
103,tfl_real_yolov8n-cls_performance_cascade_plus,Cascade+,1,5,1,1,2213.3740402844705,2213.3740402844705,2213.4,0.2,1.0742028811524609,1.0742028811524609,1.1,0.0,'5558f3e9a',2024-05-08 17:00:55
104,k_real_mobilenetv1_0p50_performance_cascade_plus,Cascade+,1,5,1,1,6672.647751485926,6672.647751485926,6672.6,0.0,0.4757298919567827,0.4757298919567827,0.5,0.0,'5558f3e9a',2024-05-08 17:00:55
105,onnx_real_lightcnn_v4_performance_cascade_plus,Cascade+,2,5,1,1,585.6418613709081,585.6418613709081,585.6,0.0,4.589978391356542,4.589978391356542,4.6,0.0,'5558f3e9a',2024-05-08 17:00:55
106,tfl_real_mp_object_detection_3d_sneakers_performance_cascade_plus,Cascade+,1,5,1,1,1007.1236162629306,1007.1236162629306,1007.1,-0.0,3.9748823529411763,3.9748823529411763,4.0,0.0,'5558f3e9a',2024-05-08 17:00:55
107,onnx_real_yolox_m_416x416_ti_lite_performance_cascade_plus,Cascade+,3,5,1,1,114.53289792499525,114.53289792499525,114.5,0.0,24.35790276110444,24.35790276110444,24.4,0.0,'5558f3e9a',2024-05-08 17:00:55
108,tf_real_efficientnet_tpu_m_performance_cascade_plus,Cascade+,1,5,1,1,178.19409165722217,178.19409165722217,178.2,0.0,18.680638655462182,18.680638655462182,18.7,0.0,'5558f3e9a',2024-05-08 17:00:55
109,onnx_real_yolov7_tiny_416_performance_cascade_plus,Cascade+,2,5,1,1,392.91933880118563,392.91933880118563,392.9,0.0,4.906088835534213,4.906088835534213,4.9,0.0,'5558f3e9a',2024-05-08 17:00:55
110,tfl_real_mp_object_detection_3d_chair_performance_cascade_plus,Cascade+,1,5,1,1,1007.1236162629306,1007.1236162629306,1007.1,-0.0,3.9748823529411763,3.9748823529411763,4.0,0.0,'5558f3e9a',2024-05-08 17:00:55
111,onnx_real_tiny_yolov2_performance_cascade_plus,Cascade+,2,5,1,1,491.32947976878614,491.32947976878614,491.3,0.0,3.482417767106843,3.482417767106843,3.5,0.0,'5558f3e9a',2024-05-08 17:00:55
112,tfl_real_midas_v2_small_performance_cascade_plus,Cascade+,2,5,1,1,44.91206185938309,44.91206185938309,44.9,-40.8,26.637268907563026,26.637268907563026,26.6,13.2,'5558f3e9a',2024-05-08 17:00:55
113,k_real_speech_enhancement_unet_performance_cascade_plus,Cascade+,1,5,1,1,371.9324502802665,371.9324502802665,371.9,0.0,2.8623829531812723,2.8623829531812723,2.9,0.0,'5558f3e9a',2024-05-08 17:00:55
114,onnx_real_repvgg_a2_performance_cascade_plus,Cascade+,3,5,1,1,365.62172591889345,365.62172591889345,365.6,0.0,8.221158463385354,8.221158463385354,8.2,0.0,'5558f3e9a',2024-05-08 17:00:55
115,k_real_mobilenetv3_large_minimalistic_performance_cascade_plus,Cascade+,1,5,1,1,1774.0144157305883,1774.0144157305883,1774.0,0.1,1.5629315726290516,1.5629315726290516,1.6,0.0,'5558f3e9a',2024-05-08 17:00:55
116,k_real_yolo3_mobilenet_lite_416_coco_performance_cascade_plus,Cascade+,1,5,1,1,84.18470123450851,84.18470123450851,84.2,0.0,14.647020408163266,14.647020408163266,14.6,0.0,'5558f3e9a',2024-05-08 17:00:55
117,pt_real_seresnet50_performance_cascade_plus,Cascade+,0,5,1,1,-1.0,-1.0,-1.0,-1.0,-1.0,-1.0,-1.0,-1.0,'5558f3e9a',2024-05-08 17:00:55
118,onnx_real_retinanet_resnet_101_performance_cascade_plus,Cascade+,9,5,1,1,25.442448532377707,25.442448532377707,25.4,0.0,66.83935294117647,66.83935294117647,66.8,0.0,'5558f3e9a',2024-05-08 17:00:55
119,tf_real_ssd_inceptionv2_performance_cascade_plus,Cascade+,3,5,1,1,14.377326531471356,14.377326531471356,14.4,0.0,77.38344897959183,77.38344897959183,77.4,0.0,'5558f3e9a',2024-05-08 17:00:55
120,k_real_mobilenetv1_0p25_performance_cascade_plus,Cascade+,1,5,1,1,10580.73366527792,10580.73366527792,10580.7,0.0,0.21260024009603842,0.21260024009603842,0.2,0.0,'5558f3e9a',2024-05-08 17:00:55
121,tf_real_yolov5s_leaky_320_performance_cascade_plus,Cascade+,1,5,1,1,122.39386831698073,122.39386831698073,122.4,0.0,10.784129651860745,10.784129651860745,10.8,0.0,'5558f3e9a',2024-05-08 17:00:55
122,k_real_googlenet_performance_cascade_plus,Cascade+,2,5,1,1,986.9679940379076,986.9679940379076,987.0,-0.1,2.438585834333734,2.438585834333734,2.4,0.0,'5558f3e9a',2024-05-08 17:00:55
123,tfl_real_yolov8n_performance_cascade_plus,Cascade+,2,5,1,1,238.7294549015556,238.7294549015556,238.7,-0.5,7.999042016806722,7.999042016806722,8.0,0.0,'5558f3e9a',2024-05-08 17:00:55
124,tfl_real_mp_iris_landmark_performance_cascade_plus,Cascade+,2,5,1,1,14784.970092827603,14784.970092827603,14785.0,0.0,0.29731212484994,0.29731212484994,0.3,0.0,'5558f3e9a',2024-05-08 17:00:55
125,k_real_pix2depth_performance_cascade_plus,Cascade+,3,5,1,1,85.42775770390698,85.42775770390698,85.4,0.0,16.19540456182473,16.19540456182473,16.2,0.0,'5558f3e9a',2024-05-08 17:00:55
126,tf_real_efficientnet_tpu_l_performance_cascade_plus,Cascade+,2,5,1,1,211.4038816595078,211.4038816595078,211.4,0.0,18.25688475390156,18.25688475390156,18.3,0.0,'5558f3e9a',2024-05-08 17:00:55
127,tf_real_yolov5m_leaky_416_performance_cascade_plus,Cascade+,3,5,1,1,152.6941722701884,152.6941722701884,152.7,0.2,14.547536614645859,14.547536614645859,14.5,0.0,'5558f3e9a',2024-05-08 17:00:55
128,tfl_real_mp_palm_detection_full_performance_cascade_plus,Cascade+,2,5,1,1,398.20687396848047,398.20687396848047,398.2,-11.3,3.5825594237695078,3.5825594237695078,3.6,9.1,'5558f3e9a',2024-05-08 17:00:55
129,tfl_real_mp_hand_recrop_performance_cascade_plus,Cascade+,1,5,1,1,1669.6866681633046,1669.6866681633046,1669.7,0.0,0.6877995198079232,0.6877995198079232,0.7,0.0,'5558f3e9a',2024-05-08 17:00:55
130,k_real_espcn_performance_cascade_plus,Cascade+,1,5,1,1,111.51547929901878,111.51547929901878,111.5,0.0,9.027327731092436,9.027327731092436,9.0,0.0,'5558f3e9a',2024-05-08 17:00:55
131,tf_real_efficientnet_tpu_s_performance_cascade_plus,Cascade+,1,5,1,1,341.62256775907287,341.62256775907287,341.6,-0.0,10.160315726290516,10.160315726290516,10.2,0.0,'5558f3e9a',2024-05-08 17:00:55
132,tf_real_ssdmobilenetv2_fpnlite_performance_cascade_plus,Cascade+,1,5,1,1,134.72771940340365,134.72771940340365,134.7,0.0,9.508547418967588,9.508547418967588,9.5,0.0,'5558f3e9a',2024-05-08 17:00:55
133,k_real_resnet50_v2_performance_cascade_plus,Cascade+,3,5,1,1,573.9503701738732,573.9503701738732,574.0,0.0,6.656123649459784,6.656123649459784,6.7,0.0,'5558f3e9a',2024-05-08 17:00:55
134,tfl_real_mp_face_detection_full_range_sparse_performance_cascade_plus,Cascade+,1,5,1,1,498.7717819714658,498.7717819714658,498.8,-6.9,2.856,2.856,2.9,3.6,'5558f3e9a',2024-05-08 17:00:55
135,tf_real_mobilenetv1_ssd_performance_cascade_plus,Cascade+,1,5,1,1,717.6128732685328,717.6128732685328,717.6,0.0,3.719699879951981,3.719699879951981,3.7,0.0,'5558f3e9a',2024-05-08 17:00:55
136,tfl_real_efficientdet_lite1_performance_cascade_plus,Cascade+,3,5,1,1,161.38380119298083,161.38380119298083,161.4,0.0,16.260129651860744,16.260129651860744,16.3,0.0,'5558f3e9a',2024-05-08 17:00:55
137,tfl_real_bodypix_mobilenet_performance_cascade_plus,Cascade+,1,5,1,1,612.6777215890933,612.6777215890933,612.7,0.0,3.025488595438175,3.025488595438175,3.0,0.0,'5558f3e9a',2024-05-08 17:00:55
138,k_real_unet_performance_cascade_plus,Cascade+,1,5,1,1,137.2989262993209,137.2989262993209,137.3,0.0,7.497332533013205,7.497332533013205,7.5,0.0,'5558f3e9a',2024-05-08 17:00:55
139,k_real_efficientnetb1_performance_cascade_plus,Cascade+,3,5,1,1,561.7888489971597,561.7888489971597,561.8,-0.9,15.445567827130851,15.445567827130851,15.4,-0.6,'5558f3e9a',2024-05-08 17:00:55
140,k_real_efficientnetv2b1_performance_cascade_plus,Cascade+,2,5,1,1,573.59526828662,573.59526828662,573.6,0.0,16.28380432172869,16.28380432172869,16.3,0.0,'5558f3e9a',2024-05-08 17:00:55
141,k_real_resnet152_v1_performance_cascade_plus,Cascade+,0,5,1,1,-1.0,-1.0,-1.0,-1.0,-1.0,-1.0,-1.0,-1.0,'5558f3e9a',2024-05-08 17:00:55
142,tfl_real_mp_object_detection_3d_sneakers_1stage_performance_cascade_plus,Cascade+,1,5,1,1,64.98469680601775,64.98469680601775,65.0,0.0,18.586529411764708,18.586529411764708,18.6,0.0,'5558f3e9a',2024-05-08 17:00:55
143,onnx_real_eye_contact_resnet_performance_cascade_plus,Cascade+,3,5,1,1,606.0678817854774,606.0678817854774,606.1,-0.0,5.723370948379352,5.723370948379352,5.7,0.0,'5558f3e9a',2024-05-08 17:00:55
144,tf_real_ssdmobilenet_v1_800_performance_cascade_plus,Cascade+,1,5,1,1,90.83787690835194,90.83787690835194,90.8,0.0,16.37134693877551,16.37134693877551,16.4,0.0,'5558f3e9a',2024-05-08 17:00:55
145,tf_real_ssdmobilenetv1_fpn_performance_cascade_plus,Cascade+,4,5,1,1,39.30855543158706,39.30855543158706,39.3,0.0,37.42364345738295,37.42364345738295,37.4,0.0,'5558f3e9a',2024-05-08 17:00:55
146,tfl_real_mp_hand_landmark_full_performance_cascade_plus,Cascade+,1,5,1,1,1114.1189499194838,1114.1189499194838,1114.1,-0.0,3.6960324129651863,3.6960324129651863,3.7,0.0,'5558f3e9a',2024-05-08 17:00:55
147,onnx_real_yolox_m_ti_lite_performance_cascade_plus,Cascade+,3,5,1,1,30.928504140112583,30.928504140112583,30.9,-1.9,45.20147178871549,45.20147178871549,45.2,0.2,'5558f3e9a',2024-05-08 17:00:55
148,k_real_densenet201_performance_cascade_plus,Cascade+,4,5,1,1,224.6426213663449,224.6426213663449,224.6,-0.8,28.525992797118846,28.525992797118846,28.5,0.4,'5558f3e9a',2024-05-08 17:00:55
149,k_real_efficientnetv2b0_performance_cascade_plus,Cascade+,2,5,1,1,731.8991156585115,731.8991156585115,731.9,0.0,8.907409363745499,8.907409363745499,8.9,-1.1,'5558f3e9a',2024-05-08 17:00:55
150,k_real_efficientnetb0_performance_cascade_plus,Cascade+,2,5,1,1,595.4314751653966,595.4314751653966,595.4,-0.0,9.803002400960384,9.803002400960384,9.8,-2.0,'5558f3e9a',2024-05-08 17:00:55
151,onnx_real_yolox_s_416x416_ti_lite_performance_cascade_plus,Cascade+,1,5,1,1,49.23121585323164,49.23121585323164,49.2,0.0,27.257420168067227,27.257420168067227,27.3,0.0,'5558f3e9a',2024-05-08 17:00:55
152,k_real_jumpnet_152_performance_cascade_plus,Cascade+,4,5,1,1,54.34621632247179,54.34621632247179,54.3,0.0,57.36483073229292,57.36483073229292,57.4,0.0,'5558f3e9a',2024-05-08 17:00:55
153,tfl_real_insects_v1_performance_cascade_plus,Cascade+,1,5,1,1,867.1356624895642,867.1356624895642,867.1,0.0,3.686636254501801,3.686636254501801,3.7,0.0,'5558f3e9a',2024-05-08 17:00:55
154,onnx_real_centernet_mobilenetv2_kpts_performance_cascade_plus,Cascade+,1,5,1,1,139.13730195901312,139.13730195901312,139.1,0.0,8.065517406962785,8.065517406962785,8.1,0.0,'5558f3e9a',2024-05-08 17:00:55
155,onnx_real_ultraface_320_performance_cascade_plus,Cascade+,1,5,1,1,1904.6704439962866,1904.6704439962866,1904.7,0.0,1.0087394957983193,1.0087394957983193,1.0,0.0,'5558f3e9a',2024-05-08 17:00:55
156,k_real_pspnet_performance_cascade_plus,Cascade+,1,5,1,1,111.77673208311573,111.77673208311573,111.8,0.0,11.071893157262906,11.071893157262906,11.1,0.0,'5558f3e9a',2024-05-08 17:00:55
157,k_real_pspnet_resnet50_performance_cascade_plus,Cascade+,3,5,1,1,43.67054323560717,43.67054323560717,43.7,0.0,44.34326650660264,44.34326650660264,44.3,0.0,'5558f3e9a',2024-05-08 17:00:55
158,k_real_inceptionv4_performance_cascade_plus,Cascade+,5,5,1,1,150.2537583957444,150.2537583957444,150.3,0.3,25.267447779111645,25.267447779111645,25.3,0.4,'5558f3e9a',2024-05-08 17:00:55
159,k_real_densenet121_performance_cascade_plus,Cascade+,2,5,1,1,230.44432321296375,230.44432321296375,230.4,0.0,18.339569027611045,18.339569027611045,18.3,0.0,'5558f3e9a',2024-05-08 17:00:55
160,tf_real_ssdmobilenet_v2_performance_cascade_plus,Cascade+,1,5,1,1,410.4739347819499,410.4739347819499,410.5,0.0,6.324752701080432,6.324752701080432,6.3,0.0,'5558f3e9a',2024-05-08 17:00:55
161,pt_real_mobilenet3d_performance_cascade_plus,Cascade+,1,5,1,1,700.5486650048609,700.5486650048609,700.5,0.0,2.769623049219688,2.769623049219688,2.8,0.0,'5558f3e9a',2024-05-08 17:00:55
162,pt_real_lraspp_mobilenet_v3_large_performance_cascade_plus,Cascade+,3,5,1,1,237.08475125241515,237.08475125241515,237.1,0.0,17.03947899159664,17.03947899159664,17.0,0.0,'5558f3e9a',2024-05-08 17:00:55
163,tf_real_yolov5n_leaky_416_performance_cascade_plus,Cascade+,1,5,1,1,253.66887259107833,253.66887259107833,253.7,0.0,5.861080432172869,5.861080432172869,5.9,0.0,'5558f3e9a',2024-05-08 17:00:55
164,onnx_real_bisenet_performance_cascade_plus,Cascade+,0,5,1,1,-1.0,-1.0,-1.0,-1.0,-1.0,-1.0,-1.0,-1.0,'5558f3e9a',2024-05-08 17:00:55
165,tf_real_license_plate_recog_performance_cascade_plus,Cascade+,1,5,1,1,2812.483645897167,2812.483645897167,2812.5,0.0,1.0163673469387755,1.0163673469387755,1.0,0.0,'5558f3e9a',2024-05-08 17:00:55
166,tfl_real_efficientdet_lite3_performance_cascade_plus,Cascade+,9,5,1,1,155.0549640064937,155.0549640064937,155.1,0.0,24.54429531812725,24.54429531812725,24.5,0.0,'5558f3e9a',2024-05-08 17:00:55
167,k_real_densenet169_performance_cascade_plus,Cascade+,3,5,1,1,336.86536465979026,336.86536465979026,336.9,0.0,21.528415366146458,21.528415366146458,21.5,0.0,'5558f3e9a',2024-05-08 17:00:55
168,k_real_yolov1_tiny_performance_cascade_plus,Cascade+,1,5,1,1,427.0730474353571,427.0730474353571,427.1,0.0,3.9572545018007204,3.9572545018007204,4.0,0.0,'5558f3e9a',2024-05-08 17:00:55
169,k_real_resnet34_v1_performance_cascade_plus,Cascade+,3,5,1,1,1459.5611329208132,1459.5611329208132,1459.6,0.0,2.950690276110444,2.950690276110444,3.0,0.0,'5558f3e9a',2024-05-08 17:00:55
170,k_real_efficientnetv2b3_performance_cascade_plus,Cascade+,4,5,1,1,629.2505572984378,629.2505572984378,629.3,95.7,22.20648019207683,22.20648019207683,22.2,-35.3,'5558f3e9a',2024-05-08 17:00:55
171,tf_real_centernet_resnetv1_fpn_performance_cascade_plus,Cascade+,3,5,1,1,27.941166235096404,27.941166235096404,27.9,0.0,39.01188835534214,39.01188835534214,39.0,0.0,'5558f3e9a',2024-05-08 17:00:55
172,k_real_unet_ultrasound_performance_cascade_plus,Cascade+,1,5,1,1,260.14531598677286,260.14531598677286,260.1,0.0,3.9660732292917165,3.9660732292917165,4.0,0.0,'5558f3e9a',2024-05-08 17:00:55
173,tfl_real_mp_selfie_segmentation_landscape_performance_cascade_plus,Cascade+,1,5,1,1,315.61745648703754,315.61745648703754,315.6,-13.4,3.2532917166866744,3.2532917166866744,3.3,17.9,'5558f3e9a',2024-05-08 17:00:55
174,onnx_real_bodypix_resnet50_416_performance_cascade_plus,Cascade+,3,5,1,1,206.81396140722376,206.81396140722376,206.8,-1.2,13.05969387755102,13.05969387755102,13.1,0.0,'5558f3e9a',2024-05-08 17:00:55
175,onnx_real_yolox_nano_ti_lite_performance_cascade_plus,Cascade+,1,5,1,1,204.77587489447774,204.77587489447774,204.8,0.1,7.996894357743097,7.996894357743097,8.0,0.0,'5558f3e9a',2024-05-08 17:00:55
176,k_real_resnet152_v2_performance_cascade_plus,Cascade+,6,5,1,1,113.38349203052208,113.38349203052208,113.4,0.1,48.68119807923169,48.68119807923169,48.7,0.2,'5558f3e9a',2024-05-08 17:00:55
177,k_real_linknet_resnet18_performance_cascade_plus,Cascade+,2,5,1,1,31.092158538953715,31.092158538953715,31.1,0.0,33.713314525810326,33.713314525810326,33.7,0.0,'5558f3e9a',2024-05-08 17:00:55
178,k_real_efficientnetb2_performance_cascade_plus,Cascade+,3,5,1,1,273.8977874615643,273.8977874615643,273.9,0.0,25.722073229291716,25.722073229291716,25.7,0.0,'5558f3e9a',2024-05-08 17:00:55
179,tf_real_movenet_singlepose_lightning_performance_cascade_plus,Cascade+,1,5,1,1,383.38414055332044,383.38414055332044,383.4,-6.1,3.136488595438175,3.136488595438175,3.1,3.3,'5558f3e9a',2024-05-08 17:00:55
180,k_real_efficientnetv2b2_performance_cascade_plus,Cascade+,2,5,1,1,275.0227809986662,275.0227809986662,275.0,0.0,26.970558223289316,26.970558223289316,27.0,0.0,'5558f3e9a',2024-05-08 17:00:55
181,tfl_real_mp_face_detection_full_range_performance_cascade_plus,Cascade+,1,5,1,1,466.43932649073,466.43932649073,466.4,-6.0,2.9784573829531813,2.9784573829531813,3.0,3.4,'5558f3e9a',2024-05-08 17:00:55
182,tf_real_squeezedet_kitti_performance_cascade_plus,Cascade+,1,5,1,1,187.62776228666212,187.62776228666212,187.6,0.1,9.88766986794718,9.88766986794718,9.9,1.0,'5558f3e9a',2024-05-08 17:00:55
